model,train_sharpe,val_sharpe
lgbm_attempt_7,5.663357423756013,2.0205167446293464
